County,90!1,90!2,90!3,90!4,91!1,91!2,91!3,91!4,92!1,92!2,92!3,92!4,93!1,93!2,93!3,93!4,94!1,94!2,94!3,94!4,95!1,95!2,95!3,95!4,96!1,96!2,96!3,96!4,97!1,97!2,97!3,97!4,98!1,98!2,98!3,98!4,99!1,99!2,99!3,99!4,00!1,00!2,00!3,00!4,01!1,01!2,01!3,01!4,02!1,02!2,02!3,02!4,03!1,03!2,03!3,03!4,04!1,04!2,04!3,04!4,05!1,05!2,05!3,05!4,06!1,06!2,06!3,06!4,07!1,07!2,07!3,07!4,08!1,08!2,08!3,08!4,09!1,09!2,09!3,09!4,10!1,10!2,10!3,10!4,11!1,11!2,11!3,11!4,12!1,12!2,12!3,12!4,13!1,13!2,13!3,13!4,14!1,14!2,14!3,14!4,15!1,15!2,15!3,15!4,16!1,16!2,16!3
Santa Clara,273480,272763,268333,255213,246560,269563,262223,250743,246703,259266,247033,245426,243916,244703,251593,246846,251537,261126,254463,247816,246844,255056,261148,256321,257258,274025,279132,279506,286337,308780,327945,333717,333604,377997,373542,360484,362250,399958,411833,412150,473416,541148,521666,536733,563666,535000,511666,491266,516166,567916,550000,532583,529833,547333,553000,560000,580000,628633,629916,645333,696883,745333,744000,736500,754666,792666,778285,759999,785000,861666,849166,837500,780000,754050,652166,525796,447916,501666,565000,585000,555000,630333,621000,580500,531416,600316,590366,548000,533416,658166,668916,682666,697500,807986,809193,774966,800333,893693,858583,855500,887410,981000,964333,945333,967500,1078333,1006666
Lake,0,0,0,0,0,0,0,0,0,0,0,0,0,0,0,0,96916,97951,100277,96388,90221,100370,98254,104111,96000,98571,89721,97916,93444,110166,95513,87182,86189,95927,98518,101610,100592,104087,113518,112102,116452,119210,131060,129874,128028,142119,140832,139888,146345,170592,174326,179592,171766,200291,225651,224023,221892,265405,274459,281158,255879,300389,325772,322346,306777,330265,314871,295595,305448,297328,270280,238239,218528,229418,208125,182343,165317,150634,155754,156507,140107,135810,133710,117463,108333,96503,120843,113140,110736,119400,135893,127143,134813,150973,148253,168193,162820,170813,177623,179843,190873,209620,217333,228560,224133,248803,233250
Madera,0,0,0,0,0,0,0,0,0,0,0,0,0,0,0,0,0,0,0,0,0,0,0,0,0,0,0,0,0,0,0,0,0,0,0,0,0,0,0,0,0,0,0,0,0,0,0,0,0,0,0,0,0,0,0,0,0,0,0,0,0,0,0,0,0,0,0,0,0,0,0,0,257575,226636,190814,167833,159053,140060,144399,145364,148889,140765,143612,137360,142970,124683,115543,113943,114026,130226,121943,132540,121443,154000,178570,171110,193176,214506,210833,219760,220416,214520,214993,220123,217703,220050,239333
Plumas,0,0,0,0,0,0,0,0,0,0,0,0,0,0,0,0,0,0,0,0,0,0,0,0,0,0,0,0,0,0,0,0,0,0,0,0,0,0,0,0,0,0,0,0,0,0,0,0,0,0,0,0,0,0,0,0,0,0,0,0,0,0,0,0,0,0,0,0,0,0,0,0,0,0,0,0,0,0,0,0,0,0,0,0,0,0,0,0,0,0,0,0,0,0,0,252666,190500,216916,251816,229443,232223,239166,255166,258490,278473,251110,266166
Tuolumne,0,0,0,0,0,0,0,0,0,0,0,0,0,0,0,0,0,0,0,0,0,0,0,0,0,0,0,0,0,0,0,0,0,0,0,0,0,0,0,0,0,0,0,0,0,0,0,0,0,0,0,0,221064,225197,238959,245216,253422,271892,284252,298332,321374,336565,365086,355316,351927,365172,370988,344454,333050,357039,345815,309882,286923,294119,302537,255541,229258,231597,236458,213257,207702,212639,207175,204953,165892,172846,163536,163056,159046,159260,182356,185426,164333,193223,211823,207196,219646,239813,222926,217103,221166,240093,255933,242573,241293,251070,251316
Napa,181750,174531,178054,190622,167962,184222,194218,189444,194523,187791,191835,184768,180582,189020,183575,182666,182436,189443,198164,179666,178221,188518,191388,183729,178333,173388,206231,180296,183749,211605,206409,196058,212261,210171,198099,217155,221691,244394,272571,277272,279297,299779,309418,312577,317405,336765,343833,344786,343494,393126,389877,398625,437865,457782,477377,472330,473097,552505,540798,595728,619563,649991,686876,655404,682669,683251,696995,654198,681744,692579,650099,605688,519814,479927,442869,400665,352344,365944,354097,381550,349033,367154,377908,343120,333753,344696,340453,338243,348070,355016,395536,388243,436746,484120,518380,500713,514583,549483,575046,552000,509916,608833,612500,646633,628166,631582,636460
Tulare,85194,87753,90081,83618,93097,92866,94523,93036,99450,95079,95867,96721,97768,94648,94479,100085,97851,95730,93368,93888,94943,88785,93335,65256,0,0,0,0,0,0,0,0,0,0,0,0,0,0,0,0,0,0,0,0,0,0,0,0,100611,114126,119098,115759,120777,132034,139983,139887,147716,165990,176817,129532,142264,235693,171410,262654,260276,256556,252938,243885,237973,242179,234461,220671,200402,187870,176900,157374,136845,129850,132863,136574,138093,138446,133666,125620,118540,117026,120616,125803,119543,129150,130206,142436,136223,151910,159700,161180,163856,175386,178036,181560,176033,190473,188863,187070,193390,207000,209933
Orange,235747,246715,232422,228541,229356,237727,236553,234459,224450,231231,226326,223085,212424,213062,213833,212540,198669,210821,209025,209877,198518,207001,206882,204920,200377,214414,211187,212156,207990,225529,227529,234798,234847,258495,267003,261025,263304,275970,281183,281764,297011,321690,323233,320209,334034,352903,361011,357953,370368,410261,430665,428154,446411,472187,516064,536497,599444,671242,654252,634349,665190,709698,726050,718932,737565,748530,726716,714818,721296,759888,731874,683588,618176,577326,524120,471130,454053,493350,535913,539545,537234,556119,562753,520056,510580,536506,520140,485543,484730,540066,560233,568876,597720,657036,670753,666210,669030,691586,696963,688453,683563,713256,713126,708780,712883,741520,740666
San Francisco,292842,292363,286339,275508,269643,283975,286586,279260,269411,282348,277217,260659,258846,263799,258707,263955,252758,269211,258649,254003,259577,265767,268154,256472,266797,280323,271541,267368,271820,283618,305749,314287,304534,346075,345696,346668,352653,400683,401710,416201,453999,554904,497316,541087,573125,568612,537757,534049,528094,612080,602141,604919,607617,634881,639902,657263,673399,719191,716353,736519,833149,907387,863139,861604,871654,912199,875065,866100,874854,949695,923757,907645,910186,893002,839766,735775,685384,755640,744827,782295,729630,798253,734877,741393,680975,721959,697744,697814,672220,794003,755581,860742,837261,987515,927006,953362,977329,1153236,1046988,1141123,1138790,1343993,1232960,1277866,1323896,1372776,1279583
Riverside,136229,138468,143674,140199,136605,138646,147703,143227,142269,140702,145325,141031,135301,136926,140599,136052,132715,130697,133353,130404,125695,123199,124055,123133,117601,120028,121849,119262,115923,119220,127966,126760,126337,128069,131879,127951,127740,135678,146325,141803,148932,152334,160664,165381,160819,178448,184803,183224,185387,201529,211983,218856,225636,249248,264260,272979,301431,351102,356259,357368,374511,399816,410246,412094,417940,424011,423730,416409,417467,419852,395376,351775,311132,279260,238444,211447,184874,174024,183640,190866,197640,212308,210116,203236,200903,200713,200953,199830,202710,215680,226793,240620,251426,285150,292630,304336,309036,318323,318366,321550,320330,334463,333000,339960,341133,355973,355716
Alameda,223539,230958,228794,221793,220398,234068,230134,223649,216177,226017,221720,218253,209198,222725,217100,210875,207109,213363,207113,206531,197558,209345,211704,206173,205011,212417,219771,216085,209140,230711,236282,237872,234684,260950,262792,256308,255240,301853,303942,302841,333192,377245,364267,403553,404602,408735,399639,391199,399735,458248,461929,452153,450579,477064,484569,485011,516406,579792,590752,602751,617626,668706,673820,666690,657730,685030,669960,653843,663540,699033,687356,644730,562343,534396,474430,387970,322660,372403,407386,422583,408760,451573,441143,430433,392276,407363,406003,390710,357830,434230,464843,463840,480563,590253,608716,593980,584950,677123,677660,658553,658380,752026,743666,729216,729153,817026,779083
San Mateo,0,0,0,0,310685,330504,339162,322007,316332,319100,324381,314208,312252,304216,305556,302596,315098,314229,324201,324518,307161,314348,332676,312095,315472,333925,343793,335937,335796,365051,392766,391034,406175,435466,434633,409499,442916,492166,479966,476833,563981,625000,594333,610000,644483,589500,579000,575483,585833,638333,642500,604000,616416,654666,655666,661966,696666,769666,764000,775962,833666,898833,875166,844666,858000,903333,848166,852333,874166,971666,951905,931666,896983,867750,778208,657729,563480,697583,705833,725666,696166,761000,760333,690166,611150,745000,703966,667333,612966,781666,786000,783000,802333,954833,938813,935000,1031833,1097000,1064166,1047833,1170833,1303333,1244813,1192646,1160833,1335916,1296666
Solano,0,0,0,0,0,0,0,0,0,0,0,0,0,0,0,0,148062,147647,103834,150745,146118,146072,140791,139393,140916,136476,136803,132348,127985,135222,139329,139812,139426,148101,150014,151334,149056,162000,161038,164577,174437,188941,200626,208645,221507,238787,244617,237963,244138,267050,280433,286901,289414,302176,323341,331698,344965,373395,392752,402913,419714,461183,476145,480859,475796,485417,474279,467525,452096,448591,423954,374571,333786,310870,270768,235090,201032,192904,209025,217106,210606,216207,206584,211910,192476,190253,192410,190673,185923,197406,198443,225596,242680,266393,287146,289600,298923,311716,325000,320733,331666,349000,353333,349666,362333,384166,393500
Inland Empire,0,0,0,0,0,0,0,0,0,0,0,0,0,0,0,0,0,0,0,0,0,0,0,0,0,0,0,0,0,0,0,0,110772,117409,128998,123785,122613,130136,135278,129554,132821,137370,142034,143801,140429,157590,162215,160813,162063,173936,183931,186177,190574,211022,227679,233256,253958,299400,306211,311602,334848,361127,374974,375540,380442,385873,385405,380799,381757,383804,361956,328028,287985,259568,222980,196197,165857,153101,159167,168407,173723,182756,182841,177643,173497,171456,171996,172193,173793,183033,194113,209036,215916,239536,249293,267136,266040,274366,275323,277746,279903,291493,292816,295480,297413,315303,318946
Sacramento,125800,138500,142000,134066,132900,138600,138300,133333,133833,132833,131733,130833,128233,128970,127833,126300,126233,125750,123666,121666,119916,117255,121000,118000,113316,116666,115983,111743,113696,115333,118483,115166,115331,126559,126011,126204,124897,131693,133524,132857,132318,142021,149474,150892,160842,174580,176442,177046,183140,206350,220380,224968,229891,243223,252909,261591,275677,307788,328657,343850,351830,377183,388727,380741,375860,380173,375115,365077,365673,356534,334758,297912,258456,229934,211981,187778,168239,175440,183744,186016,176759,188511,183359,179137,168309,166650,166296,163233,163790,170190,180443,193376,208380,237546,255866,250276,255550,270953,275300,268586,274236,290796,290566,293950,296706,321786,320333
San Diego,181633,183031,185924,179298,181333,186785,189856,184514,182763,185381,184371,181531,175112,179144,176588,177156,176530,178519,175333,170501,172061,169817,174005,170754,173880,173568,176020,175158,175675,183521,190503,189190,191822,210077,215225,208912,216230,230472,238544,236745,251370,269732,272366,279485,284544,298478,312243,301379,323100,361501,379386,379256,388502,407595,436172,456666,480673,557672,578204,569537,583290,605342,614984,607456,607245,613025,601494,579542,593802,614174,585881,523445,460208,435075,392067,352520,330638,347178,378132,379071,377490,392600,387662,381950,373830,379360,369633,357906,358953,379270,395600,405916,411606,469103,485466,476726,482133,507150,517783,493073,508676,546333,537666,547173,551103,578430,564000
Marin,347685,376252,353336,335617,325320,351875,348213,355348,334656,335833,346966,334080,321296,334485,338404,335649,331431,353448,352038,346370,333372,342205,358223,337443,345064,378495,364094,359436,351544,390700,380966,386367,388389,427859,445697,430972,460813,537623,527238,549242,628429,649452,635838,652322,664708,694845,680554,650977,657720,735991,734802,714175,700545,729915,753621,764427,778685,884426,884490,889547,969879,994601,981256,959528,961938,997617,948139,944795,988846,1099379,1022556,1005168,990409,1070159,948564,835384,726929,793388,800555,770783,767466,857328,804861,791033,705723,792093,784720,737180,699733,799833,807220,813696,849126,971993,960293,931853,949166,1028166,1064000,1011666,1033166,1118333,1058833,1166666,1093800,1218666,1171666
Santa Cruz,257394,252074,253350,244270,165993,250188,253380,243026,249941,245632,238136,234862,239573,235130,240582,232777,232152,235624,229528,233023,228215,236962,243491,228897,243151,235140,243276,239544,252048,257841,277440,270293,284504,301613,318557,298909,324166,351166,365316,357208,407333,435833,465500,461333,482293,502833,488333,478333,485350,514333,535500,516083,519833,542000,544966,541500,585416,616083,641833,643000,725855,750000,763325,766666,731855,752500,761916,727833,727666,772083,753333,729666,645539,634166,556000,464000,410000,465500,523000,538333,506666,530050,517166,516666,447333,477916,486666,452500,468203,490000,558333,514000,500743,618250,623166,641333,614966,669166,684200,701000,695750,722666,740000,717146,759666,791833,785000
Amador,0,0,0,0,0,0,0,0,0,0,0,0,0,0,0,0,0,0,0,0,0,0,0,0,0,0,0,0,0,0,0,0,0,0,0,0,0,0,0,0,0,0,0,0,0,0,0,0,0,0,0,0,0,0,0,0,82737,265227,279844,302895,336857,352407,362127,356541,343429,379624,360048,358711,331828,360317,314206,313383,279791,287102,271666,259259,209027,209047,213095,185208,182000,188776,180000,165833,176666,151250,148333,159786,143473,163333,190556,185390,203000,215366,221113,200833,200180,223916,227870,241930,244046,239026,287500,270000,266916,279313,258666
Los Angeles,210624,212891,216760,207791,201601,218796,227445,211440,213271,209160,215552,207412,200501,194711,206369,196947,187678,183437,196696,191179,173153,165004,181898,166745,166888,162830,180061,165740,162136,163188,183667,175763,170882,177407,204006,187156,183953,192842,210883,192671,195074,200038,234630,216868,214661,223522,261057,246398,254797,266077,307193,296813,295104,315557,382878,363479,374922,409972,470945,447231,454203,471653,570710,530512,538498,529201,594851,568259,547586,566643,618220,502551,434417,383837,384377,323048,269764,262761,318424,318648,296665,299330,341246,321520,291280,287813,320190,302060,278836,295040,350660,356430,342746,377126,441770,430810,402770,418113,473986,458773,426746,444290,500156,490063,455480,475733,526006
S.F. Bay Area,232480,236481,234933,226656,227114,239648,236843,233181,229377,236587,236858,233035,229794,232870,232446,234169,235923,242860,240909,235918,232408,240980,246377,237493,237886,250718,253453,246672,250207,267301,278872,279293,283231,307089,308592,303751,317196,354952,358551,356709,395933,446929,438000,454697,464947,465905,460103,448637,466177,511413,499690,492378,492452,538205,547176,555553,577171,632991,633867,644601,652250,701073,696670,691860,689486,725613,711040,694333,704056,783640,753613,709226,620130,577536,478513,381276,325543,377776,424846,443786,415866,469946,468340,442200,394873,438823,425196,397220,382643,474053,491123,511826,510246,645373,645496,627843,620376,709053,695210,683363,670210,763730,752470,735660,720246,840573,785940
Glenn,0,0,0,0,0,0,0,0,0,0,0,0,0,0,0,0,0,0,0,0,0,0,0,0,0,0,0,0,0,0,0,0,0,0,0,0,0,0,0,0,0,0,0,0,0,0,0,0,0,0,0,0,0,0,0,0,0,0,0,0,0,0,0,0,239880,275693,228928,245238,273611,234027,255555,233333,198332,215277,176111,149444,151111,146999,173333,156110,143333,139777,165833,123332,128333,115666,131309,111666,136111,138582,151111,153333,130000,160555,136332,155000,173333,165833,154166,146390,190833,192150,204916,190973,184443,202223,225333
Butte,95158,110347,114801,123491,120888,122452,117309,114501,122216,120889,115907,118423,112777,117221,120857,114175,117615,123389,116064,118355,118888,112333,116446,118304,115551,115324,121870,115906,119166,111791,119082,115469,111219,119908,122512,121419,120042,125429,123230,129091,120910,129466,138607,144175,144565,148271,155370,152268,165368,171352,186426,191590,197480,215401,228582,232528,237232,260352,266422,276622,282952,319524,334807,334551,318057,336364,332819,308639,312071,315694,303820,294227,277083,285736,261685,260427,244460,246398,247057,245634,239743,234741,234710,227660,197456,220236,198480,197616,190620,209986,216323,223753,223563,245766,257033,245126,222233,238183,251100,235836,237660,256206,259083,255150,271760,274073,275956
Stanislaus,0,0,0,0,0,0,0,0,114369,118066,114769,115773,108923,114837,116540,113374,112696,108637,112230,107576,106745,109556,109659,111723,116954,115762,114523,115519,114866,116644,118019,113808,114266,116520,117923,114519,110590,119047,122756,121879,119796,129189,137347,142349,148779,160097,167003,166773,173380,183318,194008,198781,202057,217952,228619,230355,236208,246618,266714,282129,300963,329810,356997,368826,361199,359867,359703,361822,350650,346680,220861,0,0,0,0,0,139756,138178,141343,144418,143620,146002,144072,142201,133291,136169,134890,135166,133031,138676,147483,156243,158940,180906,197310,209383,212013,223140,230760,229246,236880,246346,250000,252923,253430,270140,270916
Mendocino,122698,139360,151611,135444,136666,90555,142095,145138,137527,134666,124592,131555,121111,130959,140416,134545,131851,138232,127095,131499,127259,132666,137868,133173,121888,138151,134814,134178,138777,141142,140601,132341,133856,136476,96825,142249,154261,140860,152499,151785,153833,169499,171626,166666,170332,218257,209907,198360,213491,222843,240850,249304,276062,272420,286809,288194,302564,326564,348015,372142,368332,386073,394328,399326,427480,414575,421244,436969,442757,447777,455196,406666,378194,372916,334907,309047,263888,274007,241603,266666,264999,259254,243609,259056,205833,229226,212066,218293,201666,240256,217536,244003,241990,280953,282913,277856,280000,296275,295658,318000,285500,321700,334000,360833,372166,337000,359166
Contra-Costa,0,0,0,0,0,0,0,0,0,0,0,0,0,0,0,0,0,0,0,0,0,0,0,0,0,0,0,0,0,0,0,0,0,0,0,0,0,0,0,0,0,0,0,0,0,0,0,0,0,0,0,0,0,0,0,0,0,0,0,0,0,0,0,0,623106,651576,640480,613460,636106,683866,645490,530656,435603,381433,321920,269583,227230,246276,275603,298100,280083,311383,314050,286103,266183,289876,289560,276740,264530,334473,350120,345616,357473,479480,482003,451543,434463,508313,528103,477146,470186,555030,545000,528876,536940,603470,582333
Shasta,0,0,0,0,0,0,0,0,0,0,0,0,0,0,0,0,0,0,0,0,0,0,0,0,0,0,0,0,108208,111770,110546,103754,110263,111728,113321,114936,109755,114953,113888,113680,115002,117878,120258,123146,125801,132541,134337,137299,141417,156577,153372,168539,176099,193457,206806,203809,216106,232574,241141,249050,262500,280918,302351,294266,303995,304300,300224,284029,285345,281574,272934,253658,246943,237801,226658,209999,198359,198290,197948,188577,179136,183734,170366,173546,156353,153760,161846,149690,147330,167840,164526,171943,177823,193100,197043,200270,198006,214360,217066,213230,221913,232376,233816,233946,220490,235196,238816
Siskiyou,0,0,0,0,0,0,0,0,87638,81285,93148,91111,81388,93131,94295,88110,74583,73860,92777,82500,74443,89166,99444,83611,94027,100000,93610,90833,88333,107222,80833,95972,98333,197777,124166,100555,110000,121110,114047,102222,112777,103273,103888,126666,98333,122777,116851,128546,129722,123015,143571,133110,157777,157936,167333,182666,169166,192407,196349,217499,244791,241874,271527,252816,242708,236458,268055,247836,241666,253422,234672,236641,203611,222360,199888,223749,182777,171333,162222,170416,149166,171666,143333,165276,130833,120000,124443,134860,118886,125276,133256,150276,113333,132110,145000,161113,153333,161250,147500,156390,173333,150396,163166,163666,175276,185223,203500
Placer,181440,194070,192836,192533,174546,179440,178676,173520,176733,180016,175603,167643,167926,167753,176046,166703,164561,168504,171468,158021,163042,163593,166829,158750,159887,166314,158973,163511,158753,167385,172433,167888,161700,174888,180816,178678,190660,190578,196013,202821,204319,224152,223251,235179,246284,254541,258331,259114,265805,282384,296486,299988,295064,322603,342983,349784,368699,406371,425397,431886,457420,479502,504165,492824,477205,478470,469639,449745,452209,454619,436548,388980,366317,360487,346999,321666,295882,296393,300768,300568,288914,288449,288120,275970,261966,264368,264303,256096,259493,279593,296096,302483,309120,359240,366446,362153,366086,380400,384870,379053,378230,400286,396000,395046,411963,432980,431746
Mono,93291,,,,,,,,,,,,,,,,,,,,,,,,,,,,,,,,,,,,,,,,,,,,,,,,,,,,,,,,,,,,812499,690971,730555,920833,663889,690972,625000,708333,791666,886111,594444,708333,638888,993055,566666,545833,770833,687499,618055,520833,833333,624999,411111,566666,770833,488888,477777,364880,513889,544444,464583,401388,375000,412499,513888,441666,516666,579166,474999,486111,694444,566666,516666,706250,450000,543749,515833
CA,195360,195267,191749,190008,196508,208480,201403,196555,198376,200526,196553,192333,189413,190033,188763,185200,183592,187382,186343,180063,175149,177955,181083,175812,173898,179607,180993,173963,173716,185009,191360,188867,188633,203403,206916,196713,204133,220526,221145,219874,229054,240208,247772,250077,247784,259526,275187,271520,295926,320450,326209,330649,337995,368733,390923,388436,408023,461350,466303,468593,484130,525086,550223,544400,548663,567510,567436,558953,562810,593306,570663,491020,419993,388103,342346,292716,248326,263730,291773,302970,287896,316116,316376,302133,279046,294466,294473,282103,278643,316650,340926,350770,349610,416293,434403,429806,418793,457296,469460,449453,441183,488603,490990,480786,465186,516250,519516
San Benito,0,0,0,0,0,0,0,0,0,0,0,0,0,0,0,0,0,0,0,0,0,0,0,0,0,0,0,0,0,0,0,0,0,0,0,0,251180,260046,263923,273944,310136,341318,351640,366811,368260,367355,367826,356933,360184,373372,374865,384521,381506,390652,393016,429232,441304,487243,526330,560548,624443,648916,606666,636166,613333,630483,586433,587466,593833,614991,539000,428000,380300,348816,317583,283966,259500,258509,260500,276000,293383,314833,273000,271116,270500,261666,251633,257400,249283,274783,306000,336493,329500,365206,405316,395833,407000,422500,418000,433666,453300,462996,458666,484166,479833,489833,516960
Del Norte,0,0,0,0,0,0,0,0,0,0,0,0,0,0,0,0,0,0,0,0,0,0,0,0,0,0,0,0,0,0,0,0,0,0,0,0,0,0,0,0,0,0,0,0,0,0,0,0,0,0,0,0,0,0,0,0,0,0,0,0,0,0,0,0,0,0,0,0,0,0,0,0,0,0,0,0,170000,259722,189722,179444,189999,150000,143333,138333,193888,164444,157777,189444,135555,149444,176666,189166,155000,141666,130555,148333,171666,176666,153611,148333,166666,171573,204166,233066,177780,231963,205093
Sutter,,,,,,,,,,,,,,,,,,,,,,,,,,,,,,,,,,,,,,,,,,,,,,,,,,,,,,,,,,,,,,,,,,315346,292464,288146,286388,285261,280832,247876,235070,209265,194366,177324,155323,163707,166220,161267,161788,170444,169794,156721,149584,152969,146333,146383,139612,148124,154728,152305,171694,181508,203174,200966,195230,213673,220606,210473,230136,221723,231813,250080,227143,242313,263303
Kern,84648,84794,89356,86548,87234,90194,94769,91030,90293,89058,93759,93084,85023,92852,94696,90873,92037,90476,87270,84422,89611,86490,89528,88088,88889,90901,89406,89550,90683,88553,94251,87765,88313,91180,91837,90400,91390,90370,90454,83645,90430,84640,93516,90801,92563,100259,105054,104375,108021,112821,123085,130069,131048,139257,151835,149985,155516,183666,200250,209916,232224,266759,291149,289611,284833,291308,292920,278800,278833,277336,267666,247316,228333,205150,181666,152716,131039,123333,132250,138083,137166,137923,139133,130000,126500,133916,134966,134423,127676,142650,148833,155383,169733,187666,196316,194366,202113,208316,213280,212490,207016,220993,224866,214000,219403,228240,222833
Ventura,242163,236083,236016,234963,225370,233090,233583,229276,223146,223303,227350,217503,207206,215896,214573,206386,202786,207175,208233,206166,194160,199667,200386,202287,203509,210937,203455,202699,204025,219376,226370,221202,224440,232425,241032,231473,244675,252667,267279,261590,277236,305369,297341,298405,292611,314029,341755,329614,334351,360270,392614,392959,404033,467414,477824,478068,525586,617738,622144,597773,633195,667367,684847,676854,681722,692439,700963,668641,672547,694639,678204,626269,538289,488252,461726,393663,363028,417991,454766,435144,439099,444638,444000,440720,415110,438910,420500,400250,398746,427156,432050,438753,459210,520870,550426,539083,550513,571666,592323,567616,582786,617716,614146,609973,623143,645183,641920
Kings,0,0,0,0,0,0,0,0,0,0,0,0,0,0,0,0,0,0,0,0,0,0,0,0,0,0,0,0,0,0,0,0,0,0,0,0,0,0,0,0,0,0,0,0,0,0,0,0,0,0,0,0,0,0,0,0,0,0,0,0,0,0,0,0,252422,247169,257723,249016,247686,245873,232802,224433,210972,208890,208439,190833,168194,173333,169295,159360,164761,174523,171476,163260,146136,142613,128650,140903,141030,144380,150333,145553,151026,151306,175263,168983,173910,177453,180703,185573,186166,183856,191930,188860,200530,210720,207073
San Bernardino,126789,130930,129193,129349,131948,133566,135922,134808,135318,136189,134978,136031,136622,134947,136974,134301,133062,131739,131502,128992,122869,123787,122690,119709,117342,118426,113310,109214,110600,116137,110689,111887,95708,103308,121354,118038,114325,118835,119594,115145,113409,117064,121361,122590,119735,130612,132719,136865,134469,141292,149970,155094,158258,168483,181986,186773,198208,231376,257911,260963,280831,307235,330510,336562,342142,347767,347291,341298,332972,336078,303324,280506,241172,215142,188192,165100,135328,121744,126703,134501,135543,139161,143329,137820,133400,128616,133266,131980,131353,134933,146423,153006,157586,169736,183123,194273,188373,206246,212636,212626,212076,223780,230200,233876,232893,242383,248636
Monterey,217248,229434,199062,200606,208482,215603,208505,203541,199722,200268,194388,189149,204752,198645,205918,193039,218673,199166,218977,212992,220163,206357,216569,198832,216249,224999,222936,231199,235962,248047,253317,250048,246218,251467,255707,253770,266833,269083,310500,311666,346250,348333,327666,362833,348650,344166,368333,348333,377000,375350,386500,374166,391800,419000,458333,457333,485000,564166,564916,588641,622500,646666,687851,681666,694666,683000,667666,658333,659500,724666,711650,598166,478333,372600,302000,271666,219000,206833,231666,245000,248833,272000,263316,251333,246250,263333,260666,270333,286633,288000,309416,328200,338133,402333,412766,423500,483250,460500,462833,450000,476666,490000,476500,506166,495993,535633,540416
Sonoma,177713,185098,182637,178727,181595,184946,194451,193032,196006,203761,197258,198824,192067,200170,197913,193601,189789,191142,196143,196356,197731,196325,196428,191851,196389,187620,187322,180490,186887,197870,197603,191817,202550,216248,223700,222721,230761,251304,258517,261078,278238,316623,330330,339004,358798,357042,358145,353844,362453,381412,389560,381840,393830,424529,437245,445674,461753,497515,518668,543016,584890,632221,644535,628660,619471,641030,620972,605364,588228,618078,591624,502775,469435,431524,380733,346235,323096,336879,360114,375030,360525,366612,372973,348436,326446,337943,342786,323050,323093,348613,368993,383916,383590,442873,461093,465970,461666,481666,490333,493333,487750,540000,544666,535250,550000,585666,582500
San Joaquin,108397,112712,112247,117074,110181,120139,121499,116413,115594,120236,113475,113749,111983,115422,110703,114099,110074,107544,107429,102333,106446,104159,104748,103713,99152,95325,105937,95000,97129,96325,98186,98525,122372,122044,133112,128011,131301,133602,135727,140386,144655,155350,164509,175188,187354,193698,192738,198666,204295,222815,231694,232280,232077,245659,258461,262258,268487,288038,318926,336591,353369,380704,409808,411879,398879,416721,402870,397388,380781,371841,241344,0,0,0,0,0,153538,151591,161915,170370,166404,172203,171043,166305,161679,163532,162366,156900,159840,163880,172023,180516,182796,203426,232920,238683,238303,255600,263453,259806,268870,285633,292166,285883,294723,314023,318500
Humboldt,84033,85702,98712,89976,94346,104595,102638,103571,101481,109920,110277,110757,109814,115050,109374,115163,111449,112063,112315,109732,117918,110473,114933,116447,109166,108824,110884,108644,109610,120188,120370,121340,112019,115103,118206,125677,123013,116943,127666,125753,121407,124543,134305,136417,136973,139529,146376,147378,150836,163902,176123,182153,184897,201246,218612,218712,221070,248815,268926,272899,287361,319501,323725,338278,343450,327497,315829,323099,323944,319687,327782,306187,301918,306229,295991,276735,271978,273700,266733,253936,250008,256765,250000,253533,244560,239583,235620,226673,225426,240410,224016,232660,230463,245403,255120,251326,240006,247256,249436,261946,255670,259843,270966,270793,266603,281160,295966
Fresno,84386,87392,93008,93541,95295,96154,99204,98380,96192,101087,101386,98405,96207,96723,100933,100875,110085,103419,96312,101770,95180,99885,100354,96065,94282,95227,95349,93414,95283,92699,102137,102175,97163,98495,100081,100334,95278,105181,99808,99292,97606,103516,105962,109792,105455,117372,126445,127982,131581,136887,149073,155127,161002,172902,180746,189797,199351,224809,247318,248003,262996,287794,301560,299836,294729,303027,293790,284757,285672,286464,276445,257009,238917,220224,189663,164093,141090,138754,148946,151580,149889,155642,151646,146920,138500,134180,139210,139436,134056,143893,153100,152570,156970,172483,184566,188663,189496,197833,204500,201676,211916,218923,221666,220320,218253,234320,238233
Merced,82432,92095,103490,101287,102360,104305,106276,99721,107796,101674,103680,99376,95203,98789,95100,100407,89468,97155,93856,97951,92888,92261,99106,90878,91491,92666,96002,90356,92059,88588,96279,87354,94134,100567,97209,99513,94761,103282,104309,109241,103101,101055,112636,118976,125964,130190,134533,135351,142724,151644,160762,171952,180295,190190,194099,202590,195595,218974,239764,262513,274162,301848,332031,330604,327729,327061,300864,299721,277063,278378,258963,235808,208314,169618,139485,121278,104571,102264,110649,111336,101899,119566,116906,111296,111060,109983,119916,114846,115523,115713,131743,133973,135430,148243,165843,161120,161666,164933,173270,182196,175833,204830,196983,206726,193093,214173,216333
Yolo,0,0,0,0,0,0,0,0,0,0,0,0,0,0,0,0,0,0,0,0,0,0,0,0,0,0,0,0,0,0,0,0,0,0,0,0,0,0,0,0,0,0,0,0,0,0,0,0,0,0,0,0,0,0,0,0,0,0,0,0,0,0,0,0,0,0,0,0,0,0,0,0,0,0,0,0,224768,252649,266646,245802,253058,266518,239557,235077,225653,238091,234680,212413,202030,238203,253010,250403,253646,300993,332530,300893,316316,356766,360440,344170,338360,387653,392833,380590,374116,402680,402160
Mariposa,0,0,0,0,0,0,0,0,0,0,0,0,0,0,0,0,0,0,0,0,0,0,0,0,0,0,0,0,0,0,0,0,0,0,0,0,0,0,0,0,0,0,0,0,0,0,0,0,0,0,0,0,169444,182499,202499,201706,243749,260416,278333,293749,311388,320000,338928,302083,350555,350000,393055,383333,350000,347499,391666,344444,420833,319444,308333,301389,267361,215555,207916,217500,225000,241666,308333,187083,194999,204444,182222,190000,167638,177222,215555,173888,176666,209166,247916,247499,231943,238890,255556,240000,264583,259026,263550,255553,262500,263000,304666
Yuba,0,0,0,0,0,0,0,0,0,0,0,0,0,0,0,0,0,0,0,0,0,0,0,0,0,0,0,0,0,0,0,0,0,0,0,0,0,0,0,0,0,0,0,0,0,0,0,0,0,0,0,0,0,0,0,0,0,0,0,0,0,0,0,0,0,277083,281646,250061,254230,258664,239404,226150,211685,188717,170156,158974,149307,143910,143178,148749,146190,149916,146916,128333,133968,137205,130179,122586,122904,130581,131207,149064,151666,179381,175290,201022,203293,197306,203841,202693,206093,217476,227166,216766,220333,233356,249800
El Dorado,0,0,0,0,0,0,0,0,0,0,0,0,0,0,0,0,0,0,0,0,0,0,0,0,0,0,0,0,0,0,0,0,0,0,0,0,0,0,0,0,0,0,0,0,0,0,0,0,0,0,0,0,0,0,0,0,0,0,0,0,0,0,0,0,0,0,0,0,0,0,0,0,0,0,0,0,343137,335971,315872,313731,314844,321727,303981,288171,268959,278526,260526,254886,256613,262506,276126,283676,306880,341553,347170,363276,350920,371380,380493,371856,384426,417333,400916,393516,421596,441946,423000
San Luis Obispo,226636,203864,217727,180516,200218,206436,198038,184418,205397,184261,183084,182996,189627,173840,183204,175303,183096,173524,176068,162781,163344,169191,171819,161373,164127,172275,174147,161592,175843,175510,194387,188905,181041,179117,192415,189510,196421,217413,218949,224060,239287,248992,267240,271034,287306,284301,295225,303740,318068,334578,356621,356931,368073,390871,395735,412749,426148,445540,475233,492827,521091,561461,589867,585340,601463,596891,586842,556772,581504,602850,577311,527178,508711,480288,433068,388310,373872,361745,404869,401716,377175,411596,377889,369346,344633,378793,359233,361793,366043,376880,411366,400453,408380,446303,488186,470456,475946,485353,482060,465913,492610,518339,514833,541963,537696,545528,552916
Los Angeles Metropolitan Area,207900,210125,200634,203036,202968,221889,217008,210201,212136,218709,209457,209815,205828,208204,202469,196711,193573,197953,194300,192888,181746,183719,178457,172153,170937,174913,171920,167338,166030,177018,176575,175930,176553,187611,189519,181894,185384,199172,197561,192100,202716,216706,220063,216908,222188,235976,246279,241970,262535,281934,287044,292226,307483,336673,355962,353423,379273,432276,430125,432782,461703,493000,512047,500292,522307,530993,533452,534815,543692,576470,549986,466005,406540,371245,323180,277231,236373,236758,257935,275349,270234,293825,293650,280940,269456,276736,276013,267306,265566,292360,314243,326986,333196,381446,394396,397603,390806,417976,423050,414203,411000,441350,446660,442583,435470,469400,468576
Tehama,0,0,0,0,0,0,0,0,0,0,0,0,0,0,0,0,0,0,0,0,0,0,0,0,0,0,0,0,0,0,0,0,0,0,0,0,0,0,0,0,0,0,0,0,0,0,0,0,0,0,0,0,0,0,0,0,0,0,0,0,0,0,0,0,0,0,0,0,0,0,0,225277,191111,193023,158908,161333,134999,139444,161555,157166,145119,138056,125833,134446,116110,105000,128670,116500,101000,141333,103890,124126,125556,165333,160556,153333,191833,203500,163890,180000,159206,184500,183666,177000,186110,198570,201666
Calaveras,0,0,0,0,0,0,0,0,0,0,0,0,0,0,0,0,0,0,0,0,0,0,0,0,0,0,0,0,0,0,0,0,0,0,0,0,0,0,0,0,0,0,0,0,187578,186277,204499,191079,196587,203800,231279,235441,234731,248227,264513,286967,290475,302013,341666,354025,356596,395293,411677,455640,426386,402036,389109,379025,400370,384642,351280,360661,332936,313131,269398,243263,214416,213564,224642,219741,181444,192610,192338,185666,162222,167658,158393,163333,160178,152249,170971,169120,194411,200980,218792,207543,221169,245267,238039,240556,238816,270593,260333,253096,264350,295310,295333
Nevada,0,0,0,0,0,0,0,0,0,0,0,0,0,0,0,0,0,0,0,0,0,0,0,0,0,0,0,0,0,0,0,0,0,0,0,0,0,0,0,0,0,0,0,0,229430,257033,261019,251066,263624,280046,294095,320522,305555,311611,320833,316268,319421,368471,382407,378236,408500,456349,457447,477347,468791,465532,439713,449295,433170,456281,420454,422435,390984,381082,353081,317790,296296,306944,297966,272777,262605,270130,278006,255805,225341,229278,219122,225316,217000,226302,232388,243372,251364,269319,304423,300413,300122,303096,316196,313060,329883,339560,328633,346106,336526,345046,350233
Santa Barbara,262013,238031,219782,221903,227034,251492,216825,234892,236800,240696,237909,221833,233216,222240,224642,211650,243220,239680,235704,210910,242638,216417,228067,204728,229374,228899,227186,216196,236486,247776,275298,265312,258098,231135,278843,234751,274675,276469,279437,328452,372432,323463,282256,322828,365866,343739,387214,321786,404730,431476,406451,403416,449608,492114,506847,407443,510734,639815,618596,646529,671527,693672,708514,692225,758134,787996,726404,694893,812326,815165,801610,674233,543678,478666,443863,335446,308585,373720,414422,430708,409751,485879,483393,433923,392953,419173,397856,367163,376726,476786,493106,544440,563923,659226,621660,624630,655363,676306,756580,622763,681483,745383,721833,608656,679633,713606,697100
